{
	"class_name" : "PinholeCameraParameters",
	"extrinsic" : 
	[
		-0.73083584743031205,
		0.22709066597557781,
		0.64366823250614624,
		0.0,
		-0.59853275599684297,
		0.24006146166456285,
		-0.76428334707901202,
		0.0,
		-0.32808155100468767,
		-0.94382218878888535,
		-0.039524319603459125,
		0.0,
		470733311.05129457,
		-171686803.22207838,
		194147073.50413188,
		1.0
	],
	"intrinsic" : 
	{
		"height" : 1055,
		"intrinsic_matrix" : 
		[
			913.65680099258282,
			0.0,
			0.0,
			0.0,
			913.65680099258282,
			0.0,
			959.5,
			527.0,
			1.0
		],
		"width" : 1920
	},
	"version_major" : 1,
	"version_minor" : 0
}